{"cameraMode":{"drawMode":0,"name":"Shaded","section":"Shading Mode"},"sceneLighting":true,"audioPlay":false,"sceneViewState":{"showFog":true,"showMaterialUpdate":true,"showSkybox":true,"showFlares":true,"showImageEffects":true,"showParticleSystems":true},"in2DMode":false,"pivot":{"x":2504.72802734375,"y":758.0472412109375,"z":245.44076538085938},"rotation":{"x":0.3056252896785736,"y":-0.03483595699071884,"z":0.011190085671842099,"w":0.951449453830719},"size":1070.013916015625,"orthographic":false}