{"cameraMode":{"drawMode":0,"name":"Shaded","section":"Shading Mode"},"sceneLighting":false,"audioPlay":false,"sceneViewState":{"showFog":true,"showMaterialUpdate":true,"showSkybox":false,"showFlares":true,"showImageEffects":true,"showParticleSystems":true},"in2DMode":false,"pivot":{"x":29.024192810058595,"y":60.31108856201172,"z":-36.20111846923828},"rotation":{"x":-0.19175364077091218,"y":0.6670382618904114,"z":-0.1837538629770279,"w":-0.6960781812667847},"size":362.19097900390627,"orthographic":false}