{"cameraMode":{"drawMode":0,"name":"Shaded","section":"Shading Mode"},"sceneLighting":false,"audioPlay":false,"sceneViewState":{"showFog":true,"showMaterialUpdate":true,"showSkybox":false,"showFlares":true,"showImageEffects":true,"showParticleSystems":true},"in2DMode":false,"pivot":{"x":0.9946775436401367,"y":-3.571258783340454,"z":-45.876338958740237},"rotation":{"x":-0.11708835512399674,"y":0.8708635568618774,"z":-0.25118428468704226,"w":-0.4059493839740753},"size":14.222652435302735,"orthographic":false}