{"cameraMode":{"drawMode":0,"name":"Shaded","section":"Shading Mode"},"sceneLighting":false,"audioPlay":false,"sceneViewState":{"showFog":true,"showMaterialUpdate":true,"showSkybox":false,"showFlares":true,"showImageEffects":true,"showParticleSystems":true},"in2DMode":false,"pivot":{"x":188.21273803710938,"y":1.1545562744140626,"z":111.91462707519531},"rotation":{"x":0.26721668243408205,"y":-0.5109772086143494,"z":0.17093031108379365,"w":0.798924446105957},"size":582.4719848632813,"orthographic":false}