{"cameraMode":{"drawMode":0,"name":"Shaded","section":"Shading Mode"},"sceneLighting":false,"audioPlay":false,"sceneViewState":{"showFog":true,"showMaterialUpdate":true,"showSkybox":false,"showFlares":true,"showImageEffects":true,"showParticleSystems":true},"in2DMode":false,"pivot":{"x":-0.2471938133239746,"y":-0.5578312873840332,"z":0.2587517499923706},"rotation":{"x":0.1776915192604065,"y":-0.5133340954780579,"z":0.10958163440227509,"w":0.8324121832847595},"size":11.817000389099121,"orthographic":false}