{"cameraMode":{"drawMode":0,"name":"Shaded","section":"Shading Mode"},"sceneLighting":false,"audioPlay":false,"sceneViewState":{"showFog":true,"showMaterialUpdate":true,"showSkybox":false,"showFlares":true,"showImageEffects":true,"showParticleSystems":true},"in2DMode":false,"pivot":{"x":-0.07934284210205078,"y":0.3189204931259155,"z":-0.18250274658203126},"rotation":{"x":0.6571492552757263,"y":0.18555700778961183,"z":0.17172157764434815,"w":-0.7100980877876282},"size":11.826905250549317,"orthographic":false}