{"cameraMode":{"drawMode":0,"name":"Shaded","section":"Shading Mode"},"sceneLighting":false,"audioPlay":false,"sceneViewState":{"showFog":true,"showMaterialUpdate":true,"showSkybox":true,"showFlares":true,"showImageEffects":true,"showParticleSystems":true},"in2DMode":false,"pivot":{"x":1051.6591796875,"y":359.20086669921877,"z":1864.8878173828125},"rotation":{"x":-0.33195745944976809,"y":0.20211218297481538,"z":-0.07304736971855164,"w":-0.9184881448745728},"size":1286.9853515625,"orthographic":false}