{"cameraMode":{"drawMode":0,"name":"Shaded","section":"Shading Mode"},"sceneLighting":false,"audioPlay":false,"sceneViewState":{"showFog":true,"showMaterialUpdate":true,"showSkybox":false,"showFlares":true,"showImageEffects":true,"showParticleSystems":true},"in2DMode":false,"pivot":{"x":-0.256674587726593,"y":0.9245667457580566,"z":0.1887914538383484},"rotation":{"x":0.6571492552757263,"y":0.18555700778961183,"z":0.17172157764434815,"w":-0.7100980877876282},"size":7.5504560470581059,"orthographic":false}