{"cameraMode":{"drawMode":0,"name":"Shaded","section":"Shading Mode"},"sceneLighting":false,"audioPlay":false,"sceneViewState":{"showFog":true,"showMaterialUpdate":true,"showSkybox":false,"showFlares":true,"showImageEffects":true,"showParticleSystems":true},"in2DMode":false,"pivot":{"x":-1.406320571899414,"y":3.825559377670288,"z":0.7527065277099609},"rotation":{"x":-0.20221757888793946,"y":0.4778883755207062,"z":-0.11406915634870529,"w":-0.8471829891204834},"size":7.976741313934326,"orthographic":false}