{"cameraMode":{"drawMode":0,"name":"Shaded","section":"Shading Mode"},"sceneLighting":false,"audioPlay":false,"sceneViewState":{"showFog":true,"showMaterialUpdate":true,"showSkybox":true,"showFlares":true,"showImageEffects":true,"showParticleSystems":true},"in2DMode":false,"pivot":{"x":24.246902465820314,"y":260.48779296875,"z":1288.8056640625},"rotation":{"x":-0.20246317982673646,"y":0.7661047577857971,"z":-0.28863483667373659,"w":-0.5373847484588623},"size":286.20294189453127,"orthographic":false}