{"cameraMode":{"drawMode":0,"name":"Shaded","section":"Shading Mode"},"sceneLighting":false,"audioPlay":false,"sceneViewState":{"showFog":true,"showMaterialUpdate":true,"showSkybox":false,"showFlares":true,"showImageEffects":true,"showParticleSystems":true},"in2DMode":false,"pivot":{"x":-0.5086072683334351,"y":2.5031566619873049,"z":-1.4074881076812745},"rotation":{"x":0.1776915192604065,"y":-0.5133340954780579,"z":0.10958163440227509,"w":0.8324121832847595},"size":17.491857528686525,"orthographic":false}