{"cameraMode":{"drawMode":0,"name":"Shaded","section":"Shading Mode"},"sceneLighting":true,"audioPlay":false,"sceneViewState":{"showFog":true,"showMaterialUpdate":false,"showSkybox":true,"showFlares":true,"showImageEffects":true,"showParticleSystems":true},"in2DMode":false,"pivot":{"x":612.2000122070313,"y":439.79998779296877,"z":-46.57001876831055},"rotation":{"x":-0.21198871731758119,"y":-0.09960808604955673,"z":0.021707603707909585,"w":-0.9719440937042236},"size":223.0187225341797,"orthographic":false}