{"cameraMode":{"drawMode":0,"name":"Shaded","section":"Shading Mode"},"sceneLighting":false,"audioPlay":false,"sceneViewState":{"showFog":true,"showMaterialUpdate":true,"showSkybox":true,"showFlares":true,"showImageEffects":true,"showParticleSystems":true},"in2DMode":false,"pivot":{"x":14.345390319824219,"y":-905.1424560546875,"z":1347.051025390625},"rotation":{"x":-0.24784131348133088,"y":0.4624464213848114,"z":-0.1363949030637741,"w":-0.8403068780899048},"size":457.5768737792969,"orthographic":false}