{"cameraMode":{"drawMode":0,"name":"Shaded","section":"Shading Mode"},"sceneLighting":false,"audioPlay":false,"sceneViewState":{"showFog":true,"showMaterialUpdate":true,"showSkybox":false,"showFlares":true,"showImageEffects":true,"showParticleSystems":true},"in2DMode":false,"pivot":{"x":0.7605926990509033,"y":-0.10101127624511719,"z":1.7762134075164796},"rotation":{"x":0.1776915192604065,"y":-0.5133340954780579,"z":0.10958163440227509,"w":0.8324121832847595},"size":7.119934558868408,"orthographic":false}