{"cameraMode":{"drawMode":0,"name":"Shaded","section":"Shading Mode"},"sceneLighting":false,"audioPlay":false,"sceneViewState":{"showFog":true,"showMaterialUpdate":true,"showSkybox":false,"showFlares":true,"showImageEffects":true,"showParticleSystems":true},"in2DMode":false,"pivot":{"x":0.0,"y":0.808866024017334,"z":0.06999969482421875},"rotation":{"x":-0.20221757888793946,"y":0.4778883755207062,"z":-0.11406915634870529,"w":-0.8471829891204834},"size":10.231253623962403,"orthographic":false}