{"cameraMode":{"drawMode":0,"name":"Shaded","section":"Shading Mode"},"sceneLighting":true,"audioPlay":false,"sceneViewState":{"showFog":true,"showMaterialUpdate":true,"showSkybox":true,"showFlares":true,"showImageEffects":true,"showParticleSystems":true},"in2DMode":false,"pivot":{"x":1344.223876953125,"y":545.5698852539063,"z":2000.10009765625},"rotation":{"x":-0.14292819797992707,"y":0.3706989884376526,"z":-0.0578506700694561,"w":-0.9158641695976257},"size":187.19935607910157,"orthographic":false}