{"cameraMode":{"drawMode":0,"name":"Shaded","section":"Shading Mode"},"sceneLighting":false,"audioPlay":false,"sceneViewState":{"showFog":true,"showMaterialUpdate":true,"showSkybox":true,"showFlares":true,"showImageEffects":true,"showParticleSystems":true},"in2DMode":false,"pivot":{"x":76.54588317871094,"y":-89.97598266601563,"z":1257.8536376953125},"rotation":{"x":-0.31359755992889407,"y":0.4276365339756012,"z":-0.16111478209495545,"w":-0.83236163854599},"size":147.49462890625,"orthographic":false}