{"cameraMode":{"drawMode":0,"name":"Shaded","section":"Shading Mode"},"sceneLighting":false,"audioPlay":false,"sceneViewState":{"showFog":true,"showMaterialUpdate":true,"showSkybox":false,"showFlares":true,"showImageEffects":true,"showParticleSystems":true},"in2DMode":false,"pivot":{"x":-0.07604265213012696,"y":2.640636444091797,"z":-0.4018383026123047},"rotation":{"x":0.5923552513122559,"y":0.17312677204608918,"z":0.13221168518066407,"w":-0.7756719589233398},"size":16.424209594726564,"orthographic":false}