{"cameraMode":{"drawMode":0,"name":"Shaded","section":"Shading Mode"},"sceneLighting":false,"audioPlay":false,"sceneViewState":{"showFog":true,"showMaterialUpdate":true,"showSkybox":false,"showFlares":true,"showImageEffects":true,"showParticleSystems":true},"in2DMode":false,"pivot":{"x":0.0,"y":4.555722236633301,"z":0.3986246585845947},"rotation":{"x":0.26295042037963869,"y":0.24885764718055726,"z":0.07040050625801087,"w":-0.9295018315315247},"size":21.57819366455078,"orthographic":false}