{"cameraMode":{"drawMode":0,"name":"Shaded","section":"Shading Mode"},"sceneLighting":false,"audioPlay":false,"sceneViewState":{"showFog":true,"showMaterialUpdate":true,"showSkybox":true,"showFlares":true,"showImageEffects":true,"showParticleSystems":true},"in2DMode":false,"pivot":{"x":-59.592987060546878,"y":66.5452880859375,"z":1830.259765625},"rotation":{"x":-0.3379472494125366,"y":0.32773491740226748,"z":-0.1268562227487564,"w":-0.8730919361114502},"size":989.0055541992188,"orthographic":false}