{"cameraMode":{"drawMode":0,"name":"Shaded","section":"Shading Mode"},"sceneLighting":true,"audioPlay":false,"sceneViewState":{"showFog":true,"showMaterialUpdate":true,"showSkybox":true,"showFlares":true,"showImageEffects":true,"showParticleSystems":true},"in2DMode":false,"pivot":{"x":1103.6068115234375,"y":-755.9222412109375,"z":213.93603515625},"rotation":{"x":0.2931467592716217,"y":-0.3321457803249359,"z":0.10950766503810883,"w":0.8898044228553772},"size":3981.817626953125,"orthographic":false}