{"cameraMode":{"drawMode":0,"name":"Shaded","section":"Shading Mode"},"sceneLighting":false,"audioPlay":false,"sceneViewState":{"showFog":true,"showMaterialUpdate":true,"showSkybox":false,"showFlares":true,"showImageEffects":true,"showParticleSystems":true},"in2DMode":false,"pivot":{"x":0.35020682215690615,"y":0.641326904296875,"z":-0.24962663650512696},"rotation":{"x":0.6571492552757263,"y":0.18555700778961183,"z":0.17172157764434815,"w":-0.7100980877876282},"size":6.395218849182129,"orthographic":false}