{"cameraMode":{"drawMode":0,"name":"Shaded","section":"Shading Mode"},"sceneLighting":false,"audioPlay":false,"sceneViewState":{"showFog":true,"showMaterialUpdate":true,"showSkybox":false,"showFlares":true,"showImageEffects":true,"showParticleSystems":true},"in2DMode":false,"pivot":{"x":-0.3406698703765869,"y":5.1554460525512699,"z":-0.7952659130096436},"rotation":{"x":0.6571492552757263,"y":0.18555700778961183,"z":0.17172157764434815,"w":-0.7100980877876282},"size":15.361021041870118,"orthographic":false}