{"cameraMode":{"drawMode":0,"name":"Shaded","section":"Shading Mode"},"sceneLighting":false,"audioPlay":false,"sceneViewState":{"showFog":true,"showMaterialUpdate":true,"showSkybox":false,"showFlares":true,"showImageEffects":true,"showParticleSystems":true},"in2DMode":false,"pivot":{"x":0.015238761901855469,"y":1.2120487689971924,"z":3.2184720039367677},"rotation":{"x":-0.20221757888793946,"y":0.4778883755207062,"z":-0.11406915634870529,"w":-0.8471829891204834},"size":13.807270050048829,"orthographic":false}