{"cameraMode":{"drawMode":0,"name":"Shaded","section":"Shading Mode"},"sceneLighting":false,"audioPlay":false,"sceneViewState":{"showFog":true,"showMaterialUpdate":true,"showSkybox":false,"showFlares":true,"showImageEffects":true,"showParticleSystems":true},"in2DMode":false,"pivot":{"x":1.998757243156433,"y":19.705005645751954,"z":4.827914237976074},"rotation":{"x":0.6571492552757263,"y":0.18555700778961183,"z":0.17172157764434815,"w":-0.7100980877876282},"size":33.14799880981445,"orthographic":false}