{"cameraMode":{"drawMode":0,"name":"Shaded","section":"Shading Mode"},"sceneLighting":false,"audioPlay":false,"sceneViewState":{"showFog":true,"showMaterialUpdate":true,"showSkybox":false,"showFlares":true,"showImageEffects":true,"showParticleSystems":true},"in2DMode":false,"pivot":{"x":0.0000034320783015573399,"y":0.009929465129971505,"z":-0.0038365020882338287},"rotation":{"x":-0.20221757888793946,"y":0.4778883755207062,"z":-0.11406915634870529,"w":-0.8471829891204834},"size":3.300119638442993,"orthographic":false}